{
  "token_acc":1.0,
  "token_p":1.0,
  "token_r":1.0,
  "token_f":1.0,
  "spans_sc_p":0.9173060529,
  "spans_sc_r":0.6950904393,
  "spans_sc_f":0.7908857038,
  "spans_sc_per_type":{
    "DATE":{
      "p":0.9957716702,
      "r":0.9534412955,
      "f":0.9741468459
    },
    "CERTIFICATE":{
      "p":0.7808641975,
      "r":0.4259259259,
      "f":0.5511982571
    },
    "ORG":{
      "p":0.9361702128,
      "r":0.7668845316,
      "f":0.8431137725
    },
    "LOC":{
      "p":0.0,
      "r":0.0,
      "f":0.0
    }
  },
  "speed":10471.0684261804
}